[{
    "id": 1,
    "datum": "13-10-1971",
    "soort": "voor",
    "count": 14,
    "voor": 14,
    "verhouding": 1
},
{
    "id": 2,
    "datum": "03-11-1987",
    "soort": "voor",
    "count": 16,
    "voor": 16,
    "verhouding": 1
},
{
    "id": 3,
    "datum": "19-12-1985",
    "soort": "voor",
    "count": 14,
    "voor": 14,
    "verhouding": 1
},
{
    "id": 4,
    "datum": "01-10-1980",
    "soort": "voor",
    "count": 12,
    "voor": 12,
    "verhouding": 1
},
{
    "id": 5,
    "datum": "07-01-1972",
    "soort": "voor",
    "count": 19,
    "voor": 19,
    "verhouding": 1
},
{
    "id": 6,
    "datum": "29-05-1973",
    "soort": "voor",
    "count": 13,
    "voor": 13,
    "verhouding": 1
},
{
    "id": 7,
    "datum": "26-10-1971",
    "soort": "voor",
    "count": 19,
    "voor": 19,
    "verhouding": 1
},
{
    "id": 8,
    "datum": "10-12-1971",
    "soort": "voor",
    "count": 13,
    "voor": 13,
    "verhouding": 1
},
{
    "id": 9,
    "datum": "28-03-1989",
    "soort": "voor",
    "count": 15,
    "voor": 15,
    "verhouding": 1
},
{
    "id": 10,
    "datum": "12-12-1974",
    "soort": "voor",
    "count": 12,
    "voor": 12,
    "verhouding": 1
},
{
    "id": 11,
    "datum": "14-02-1985",
    "soort": "voor",
    "count": 13,
    "voor": 13,
    "verhouding": 1
},
{
    "id": 12,
    "datum": "27-11-1979",
    "soort": "voor",
    "count": 11,
    "voor": 11,
    "verhouding": 1
},
{
    "id": 32,
    "datum": "07-12-1971",
    "soort": "voor",
    "count": 14,
    "voor": 14,
    "verhouding": 1
},
{
    "id": 33,
    "datum": "31-10-1974",
    "soort": "voor",
    "count": 10,
    "voor": 10,
    "verhouding": 1
},
{
    "id": 34,
    "datum": "28-03-1974",
    "soort": "voor",
    "count": 10,
    "voor": 10,
    "verhouding": 1
},
{
    "id": 35,
    "datum": "01-04-1985",
    "soort": "voor",
    "count": 15,
    "voor": 15,
    "verhouding": 1
},
{
    "id": 36,
    "datum": "02-07-1985",
    "soort": "voor",
    "count": 6,
    "voor": 6,
    "verhouding": 1
},
{
    "id": 37,
    "datum": "02-06-1981",
    "soort": "voor",
    "count": 8,
    "voor": 8,
    "verhouding": 1
},
{
    "id": 38,
    "datum": "02-05-1975",
    "soort": "voor",
    "count": 11,
    "voor": 11,
    "verhouding": 1
},
{
    "id": 39,
    "datum": "02-10-1978",
    "soort": "voor",
    "count": 10,
    "voor": 10,
    "verhouding": 1
},
{
    "id": 40,
    "datum": "24-03-1993",
    "soort": "voor",
    "count": 7,
    "voor": 7,
    "verhouding": 1
},
{
    "id": 41,
    "datum": "01-02-1973",
    "soort": "voor",
    "count": 6,
    "voor": 6,
    "verhouding": 1
},
{
    "id": 42,
    "datum": "26-10-1971",
    "soort": "voor",
    "count": 7,
    "voor": 7,
    "verhouding": 1
},
{
    "id": 43,
    "datum": "05-05-1988",
    "soort": "voor",
    "count": 6,
    "voor": 6,
    "verhouding": 1
},
{
    "id": 44,
    "datum": "02-05-1990",
    "soort": "voor",
    "count": 6,
    "voor": 6,
    "verhouding": 1
},
{
    "id": 45,
    "datum": "25-06-1997",
    "soort": "voor",
    "count": 6,
    "voor": 6,
    "verhouding": 1
},
{
    "id": 46,
    "datum": "08-01-2003",
    "soort": "voor",
    "count": 6,
    "voor": 6,
    "verhouding": 1
},
{
    "id": 47,
    "datum": "22-11-1971",
    "soort": "voor",
    "count": 11,
    "voor": 11,
    "verhouding": 1
},
{
    "id": 48,
    "datum": "25-04-1978",
    "soort": "voor",
    "count": 9,
    "voor": 9,
    "verhouding": 1
},
{
    "id": 49,
    "datum": "27-09-1973",
    "soort": "voor",
    "count": 9,
    "voor": 9,
    "verhouding": 1
},
{
    "id": 50,
    "datum": "17-12-1976",
    "soort": "voor",
    "count": 7,
    "voor": 7,
    "verhouding": 1
},
{
    "id": 51,
    "datum": "06-11-1981",
    "soort": "voor",
    "count": 7,
    "voor": 7,
    "verhouding": 1
},
{
    "id": 52,
    "datum": "18-03-1978",
    "soort": "voor",
    "count": 9,
    "voor": 9,
    "verhouding": 1
},
{
    "id": 53,
    "datum": "28-01-1987",
    "soort": "voor",
    "count": 9,
    "voor": 9,
    "verhouding": 1
},
{
    "id": 54,
    "datum": "05-01-1987",
    "soort": "voor",
    "count": 12,
    "voor": 12,
    "verhouding": 1
},
{
    "id": 55,
    "datum": "24-03-1975",
    "soort": "voor",
    "count": 7,
    "voor": 7,
    "verhouding": 1
},
{
    "id": 56,
    "datum": "19-03-1976",
    "soort": "voor",
    "count": 9,
    "voor": 9,
    "verhouding": 1
},
{
    "id": 57,
    "datum": "20-06-1985",
    "soort": "voor",
    "count": 12,
    "voor": 12,
    "verhouding": 1
},
{
    "id": 58,
    "datum": "12-12-1979",
    "soort": "voor",
    "count": 8,
    "voor": 8,
    "verhouding": 1
},
{
    "id": 59,
    "datum": "25-02-1981",
    "soort": "voor",
    "count": 8,
    "voor": 8,
    "verhouding": 1
},
{
    "id": 60,
    "datum": "28-11-1973",
    "soort": "voor",
    "count": 12,
    "voor": 12,
    "verhouding": 1
},
{
    "id": 61,
    "datum": "25-02-1981",
    "soort": "voor",
    "count": 8,
    "voor": 8,
    "verhouding": 1
},
{
    "id": 62,
    "datum": "18-02-1992",
    "soort": "voor",
    "count": 7,
    "voor": 7,
    "verhouding": 1
},
{
    "id": 63,
    "datum": "06-02-1992",
    "soort": "voor",
    "count": 9,
    "voor": 9,
    "verhouding": 1
},
{
    "id": 64,
    "datum": "12-12-1979",
    "soort": "voor",
    "count": 8,
    "voor": 8,
    "verhouding": 1
},
{
    "id": 65,
    "datum": "13-04-1984",
    "soort": "voor",
    "count": 6,
    "voor": 6,
    "verhouding": 1
},
{
    "id": 66,
    "datum": "01-12-1981",
    "soort": "voor",
    "count": 9,
    "voor": 9,
    "verhouding": 1
},
{
    "id": 67,
    "datum": "14-12-1978",
    "soort": "voor",
    "count": 14,
    "voor": 14,
    "verhouding": 1
},
{
    "id": 68,
    "datum": "03-04-1986",
    "soort": "voor",
    "count": 8,
    "voor": 8,
    "verhouding": 1
},
{
    "id": 69,
    "datum": "12-05-1972",
    "soort": "voor",
    "count": 7,
    "voor": 7,
    "verhouding": 1
},
{
    "id": 70,
    "datum": "23-11-1977",
    "soort": "voor",
    "count": 10,
    "voor": 10,
    "verhouding": 1
},
{
    "id": 71,
    "datum": "23-05-1973",
    "soort": "voor",
    "count": 6,
    "voor": 6,
    "verhouding": 1
},
{
    "id": 72,
    "datum": "28-03-1988",
    "soort": "voor",
    "count": 8,
    "voor": 8,
    "verhouding": 1
},
{
    "id": 73,
    "datum": "28-01-1981",
    "soort": "voor",
    "count": 7,
    "voor": 7,
    "verhouding": 1
},
{
    "id": 74,
    "datum": "27-10-1989",
    "soort": "voor",
    "count": 6,
    "voor": 6,
    "verhouding": 1
},
{
    "id": 75,
    "datum": "24-06-1983",
    "soort": "voor",
    "count": 9,
    "voor": 9,
    "verhouding": 1
},
{
    "id": 76,
    "datum": "16-02-1972",
    "soort": "voor",
    "count": 7,
    "voor": 7,
    "verhouding": 1
},
{
    "id": 77,
    "datum": "31-10-1979",
    "soort": "voor",
    "count": 13,
    "voor": 13,
    "verhouding": 1
},
{
    "id": 78,
    "datum": "08-01-1987",
    "soort": "voor",
    "count": 6,
    "voor": 6,
    "verhouding": 1
},
{
    "id": 79,
    "datum": "25-11-1971",
    "soort": "voor",
    "count": 11,
    "voor": 11,
    "verhouding": 1
},
{
    "id": 80,
    "datum": "18-12-1984",
    "soort": "voor",
    "count": 11,
    "voor": 11,
    "verhouding": 1
},
{
    "id": 81,
    "datum": "12-03-1982",
    "soort": "voor",
    "count": 7,
    "voor": 7,
    "verhouding": 1
},
{
    "id": 82,
    "datum": "02-05-1975",
    "soort": "voor",
    "count": 11,
    "voor": 11,
    "verhouding": 1
},
{ "id": 84,
"datum": "07-11-1985",
"soort": "voor",
"count": 18,
"voor": 18,
"verhouding": 1
   
},
{
    "id": 85,
    "datum": "04-10-1994",
    "soort": "voor",
    "count": 5,
    "voor": 5,
    "verhouding": 1
},
{
    "id": 83,
    "datum": "14-03-1996",
    "soort": "voor",
    "count": 5,
    "voor": 5,
    "verhouding": 1
},
{
    "id": 86,
    "datum": "26-03-1975",
    "soort": "voor",
    "count": 3,
    "voor": 3,
    "verhouding": 1
},
{
    "id": 87,
    "datum": "08-04-1987",
    "soort": "voor",
    "count": 1,
    "voor": 1,
    "verhouding": 1
},
{
    "id": 88,
    "datum": "06-04-1995",
    "soort": "voor",
    "count": 1,
    "voor": 1,
    "verhouding": 1
},
{
    "id": 89,
    "datum": "06-02-1991",
    "soort": "voor",
    "count": 2,
    "voor": 2,
    "verhouding": 1
},
{
    "id": 90,
    "datum": "01-06-1994",
    "soort": "voor",
    "count": 3,
    "voor": 3,
    "verhouding": 1
},
{
    "id": 91,
    "datum": "19-02-2004",
    "soort": "voor",
    "count": 4,
    "voor": 4,
    "verhouding": 1
},
{
    "id": 92,
    "datum": "27-01-1981",
    "soort": "voor",
    "count": 3,
    "voor": 3,
    "verhouding": 1
},
{
    "id": 93,
    "datum": "31-03-1998",
    "soort": "voor",
    "count": 1,
    "voor": 1,
    "verhouding": 1
},
{
    "id": 94,
    "datum": "15-06-1984",
    "soort": "voor",
    "count": 1,
    "voor": 1,
    "verhouding": 1
},
{
    "id": 95,
    "datum": "04-11-1998",
    "soort": "voor",
    "count": 2,
    "voor": 2,
    "verhouding": 1
},
{
    "id": 96,
    "datum": "02-05-1975",
    "soort": "voor",
    "count": 1,
    "voor": 1,
    "verhouding": 1
},
{
    "id": 97,
    "datum": "16-04-2009",
    "soort": "voor",
    "count": 1,
    "voor": 1,
    "verhouding": 1
},
{
    "id": 98,
    "datum": "08-02-2001",
    "soort": "voor",
    "count": 1,
    "voor": 1,
    "verhouding": 1
},
{
    "id": 99,
    "datum": "08-06-1999",
    "soort": "voor",
    "count": 3,
    "voor": 3,
    "verhouding": 1
},
{
    "id": 100,
    "datum": "31-05-2001",
    "soort": "voor",
    "count": 2,
    "voor": 2,
    "verhouding": 1
},
{
    "id": 101,
    "datum": "03-05-1990",
    "soort": "voor",
    "count": 1,
    "voor": 1,
    "verhouding": 1
},
{
    "id": 102,
    "datum": "26-05-1998",
    "soort": "voor",
    "count": 1,
    "voor": 1,
    "verhouding": 1
},
{
    "id": 103,
    "datum": "24-06-2002",
    "soort": "voor",
    "count": 1,
    "voor": 1,
    "verhouding": 1
},
{
    "id": 104,
    "datum": "25-05-2005",
    "soort": "voor",
    "count": 3,
    "voor": 3,
    "verhouding": 1
},
{
    "id": 105,
    "datum": "07-03-2002",
    "soort": "voor",
    "count": 2,
    "voor": 2,
    "verhouding": 1
},
{
    "id": 106,
    "datum": "17-04-1996",
    "soort": "voor",
    "count": 1,
    "voor": 1,
    "verhouding": 1
},
{
    "id": 107,
    "datum": "26-02-2002",
    "soort": "voor",
    "count": 2,
    "voor": 2,
    "verhouding": 1
},
{
    "id": 108,
    "datum": "10-03-1992",
    "soort": "voor",
    "count": 3,
    "voor": 3,
    "verhouding": 1
},
{
    "id": 109,
    "datum": "24-04-2001",
    "soort": "voor",
    "count": 1,
    "voor": 1,
    "verhouding": 1
},
{
    "id": 110,
    "datum": "13-06-2000",
    "soort": "voor",
    "count": 4,
    "voor": 4,
    "verhouding": 1
},
{
    "id": 111,
    "datum": "01-02-1999",
    "soort": "voor",
    "count": 2,
    "voor": 2,
    "verhouding": 1
},
{
    "id": 112,
    "datum": "16-10-1999",
    "soort": "voor",
    "count": 1,
    "voor": 1,
    "verhouding": 1
},
{
    "id": 113,
    "datum": "26-02-2002",
    "soort": "voor",
    "count": 1,
    "voor": 1,
    "verhouding": 1
},
{
    "id": 114,
    "datum": "08-01-1996",
    "soort": "voor",
    "count": 1,
    "voor": 1,
    "verhouding": 1
},
{
    "id": 115,
    "datum": "26-10-1989",
    "soort": "voor",
    "count": 1,
    "voor": 1,
    "verhouding": 1
},
{
    "id": 116,
    "datum": "05-01-1988",
    "soort": "voor",
    "count": 4,
    "voor": 4,
    "verhouding": 1
},
{
    "id": 117,
    "datum": "18-02-1992",
    "soort": "voor",
    "count": 5,
    "voor": 5,
    "verhouding": 1
},
{
    "id": 118,
    "datum": "14-06-2006",
    "soort": "voor",
    "count": 1,
    "voor": 1,
    "verhouding": 1
},
{
    "id": 119,
    "datum": "11-04-2005",
    "soort": "voor",
    "count": 1,
    "voor": 1,
    "verhouding": 1
},
{
    "id": 120,
    "datum": "04-02-2004",
    "soort": "voor",
    "count": 1,
    "voor": 1,
    "verhouding": 1
},
{
    "id": 121,
    "datum": "15-09-1981",
    "soort": "voor",
    "count": 4,
    "voor": 4,
    "verhouding": 1
},
{
    "id": 122,
    "datum": "13-10-2006",
    "soort": "voor",
    "count": 1,
    "voor": 1,
    "verhouding": 1
},
{
    "id": 123,
    "datum": "20-11-1980",
    "soort": "voor",
    "count": 3,
    "voor": 3,
    "verhouding": 1
},
{
    "id": 124,
    "datum": "27-10-1997",
    "soort": "voor",
    "count": 1,
    "voor": 1,
    "verhouding": 1
},
{
    "id": 125,
    "datum": "09-02-1998",
    "soort": "voor",
    "count": 3,
    "voor": 3,
    "verhouding": 1
},
{
    "id": 126,
    "datum": "26-11-1992",
    "soort": "voor",
    "count": 1,
    "voor": 1,
    "verhouding": 1
},
{
    "id": 127,
    "datum": "30-09-1993",
    "soort": "voor",
    "count": 3,
    "voor": 3,
    "verhouding": 1
},
{
    "id": 128,
    "datum": "26-02-2003",
    "soort": "voor",
    "count": 1,
    "voor": 1,
    "verhouding": 1
},
{
    "id": 129,
    "datum": "24-03-2003",
    "soort": "voor",
    "count": 1,
    "voor": 1,
    "verhouding": 1
},
{
    "id": 130,
    "datum": "22-03-2005",
    "soort": "voor",
    "count": 3,
    "voor": 3,
    "verhouding": 1
},
{
    "id": 131,
    "datum": "06-06-2006",
    "soort": "voor",
    "count": 2,
    "voor": 2,
    "verhouding": 1
},
{
    "id": 132,
    "datum": "04-02-2009",
    "soort": "voor",
    "count": 3,
    "voor": 3,
    "verhouding": 1
},
{
    "id": 133,
    "datum": "10-07-2014",
    "soort": "voor",
    "count": 1,
    "voor": 1,
    "verhouding": 1
},
{
    "id": 134,
    "datum": "10-06-1974",
    "soort": "voor",
    "count": 1,
    "voor": 1,
    "verhouding": 1
},
{
    "id": 135,
    "datum": "18-03-1980",
    "soort": "voor",
    "count": 2,
    "voor": 2,
    "verhouding": 1
},
{
    "id": 136,
    "datum": "16-02-1982",
    "soort": "voor",
    "count": 5,
    "voor": 5,
    "verhouding": 1
},
{
    "id": 137,
    "datum": "17-12-1991",
    "soort": "voor",
    "count": 3,
    "voor": 3,
    "verhouding": 1
},
{
    "id": 138,
    "datum": "20-04-1994",
    "soort": "voor",
    "count": 1,
    "voor": 1,
    "verhouding": 1
},
{
    "id": 139,
    "datum": "08-07-1995",
    "soort": "voor",
    "count": 5,
    "voor": 5,
    "verhouding": 1
},
{
    "id": 140,
    "datum": "21-02-1985",
    "soort": "voor",
    "count": 2,
    "voor": 2,
    "verhouding": 1
},
{
    "id": 141,
    "datum": "13-12-1988",
    "soort": "voor",
    "count": 3,
    "voor": 3,
    "verhouding": 1
},
{
    "id": 142,
    "datum": "06-12-1993",
    "soort": "voor",
    "count": 3,
    "voor": 3,
    "verhouding": 1
},
{
    "id": 143,
    "datum": "12-12-1997",
    "soort": "voor",
    "count": 3,
    "voor": 3,
    "verhouding": 1
},
{
    "id": 144,
    "datum": "09-09-1992",
    "soort": "voor",
    "count": 1,
    "voor": 1,
    "verhouding": 1
},
{
    "id": 145,
    "datum": "26-06-2006",
    "soort": "voor",
    "count": 1,
    "voor": 1,
    "verhouding": 1
},
{
    "id": 146,
    "datum": "30-10-1996",
    "soort": "voor",
    "count": 3,
    "voor": 3,
    "verhouding": 1
},
{
    "id": 147,
    "datum": "02-11-1972",
    "soort": "voor",
    "count": 1,
    "voor": 1,
    "verhouding": 1
},
{
    "id": 148,
    "datum": "31-05-1985",
    "soort": "voor",
    "count": 1,
    "voor": 1,
    "verhouding": 1
},
{
    "id": 149,
    "datum": "07-06-1972",
    "soort": "voor",
    "count": 1,
    "voor": 1,
    "verhouding": 1
},
{
    "id": 150,
    "datum": "15-07-1995",
    "soort": "voor",
    "count": 2,
    "voor": 2,
    "verhouding": 1
},
{
    "id": 151,
    "datum": "24-03-2003",
    "soort": "voor",
    "count": 3,
    "voor": 3,
    "verhouding": 1
},
{
    "id": 152,
    "datum": "07-02-1980",
    "soort": "voor",
    "count": 2,
    "voor": 2,
    "verhouding": 1
},
{
    "id": 153,
    "datum": "04-10-1994",
    "soort": "voor",
    "count": 3,
    "voor": 3,
    "verhouding": 1
},
{
    "id": 154,
    "datum": "18-02-2003",
    "soort": "voor",
    "count": 3,
    "voor": 3,
    "verhouding": 1
},
{
    "id": 155,
    "datum": "19-04-1990",
    "soort": "voor",
    "count": 1,
    "voor": 1,
    "verhouding": 1
},
{
    "id": 156,
    "datum": "28-02-1994",
    "soort": "voor",
    "count": 2,
    "voor": 2,
    "verhouding": 1
},
{
    "id": 157,
    "datum": "23-04-2003",
    "soort": "voor",
    "count": 1,
    "voor": 1,
    "verhouding": 1
},
{
    "id": 158,
    "datum": "20-02-2003",
    "soort": "voor",
    "count": 2,
    "voor": 2,
    "verhouding": 1
},
{
    "id": 159,
    "datum": "04-12-1975",
    "soort": "voor",
    "count": 3,
    "voor": 3,
    "verhouding": 1
},
{
    "id": 160,
    "datum": "23-06-1998",
    "soort": "voor",
    "count": 5,
    "voor": 5,
    "verhouding": 1
},
{
    "id": 161,
    "datum": "21-10-1987",
    "soort": "voor",
    "count": 1,
    "voor": 1,
    "verhouding": 1
},
{
    "id": 162,
    "datum": "15-10-1986",
    "soort": "voor",
    "count": 5,
    "voor": 5,
    "verhouding": 1
},
{
    "id": 163,
    "datum": "04-10-1999",
    "soort": "voor",
    "count": 4,
    "voor": 4,
    "verhouding": 1
},
{
    "id": 164,
    "datum": "28-05-1987",
    "soort": "voor",
    "count": 2,
    "voor": 2,
    "verhouding": 1
},
{
    "id": 165,
    "datum": "27-11-1978",
    "soort": "voor",
    "count": 4,
    "voor": 4,
    "verhouding": 1
},
{
    "id": 166,
    "datum": "05-06-1975",
    "soort": "voor",
    "count": 2,
    "voor": 2,
    "verhouding": 1
},
{
    "id": 167,
    "datum": "11-05-1978",
    "soort": "voor",
    "count": 3,
    "voor": 3,
    "verhouding": 1
},
{
    "id": 168,
    "datum": "10-10-2000",
    "soort": "voor",
    "count": 1,
    "voor": 1,
    "verhouding": 1
},
{
    "id": 169,
    "datum": "19-03-1997",
    "soort": "voor",
    "count": 2,
    "voor": 2,
    "verhouding": 1
},
{
    "id": 170,
    "datum": "21-09-1983",
    "soort": "voor",
    "count": 2,
    "voor": 2,
    "verhouding": 1
},
{
    "id": 171,
    "datum": "29-08-2011",
    "soort": "voor",
    "count": 1,
    "voor": 1,
    "verhouding": 1
},
{
    "id": 172,
    "datum": "30-11-1982",
    "soort": "voor",
    "count": 4,
    "voor": 4,
    "verhouding": 1
},
{
    "id": 173,
    "datum": "22-06-1976",
    "soort": "voor",
    "count": 3,
    "voor": 3,
    "verhouding": 1
},
{
    "id": 174,
    "datum": "23-06-1997",
    "soort": "voor",
    "count": 3,
    "voor": 3,
    "verhouding": 1
},
{
    "id": 175,
    "datum": "21-11-1995",
    "soort": "voor",
    "count": 3,
    "voor": 3,
    "verhouding": 1
},
{
    "id": 176,
    "datum": "21-11-1973",
    "soort": "voor",
    "count": 2,
    "voor": 2,
    "verhouding": 1
},
{
    "id": 177,
    "datum": "12-05-1997",
    "soort": "voor",
    "count": 1,
    "voor": 1,
    "verhouding": 1
},
{
    "id": 178,
    "datum": "28-10-1996",
    "soort": "voor",
    "count": 2,
    "voor": 2,
    "verhouding": 1
},
{
    "id": 179,
    "datum": "29-04-1992",
    "soort": "voor",
    "count": 3,
    "voor": 3,
    "verhouding": 1
},
{
    "id": 180,
    "datum": "11-02-1976",
    "soort": "voor",
    "count": 1,
    "voor": 1,
    "verhouding": 1
},
{
    "id": 181,
    "datum": "29-10-1996",
    "soort": "voor",
    "count": 1,
    "voor": 1,
    "verhouding": 1
},
{
    "id": 182,
    "datum": "23-09-1986",
    "soort": "voor",
    "count": 3,
    "voor": 3,
    "verhouding": 1
},
{
    "id": 183,
    "datum": "11-01-1973",
    "soort": "voor",
    "count": 3,
    "voor": 3,
    "verhouding": 1
},
{
    "id": 184,
    "datum": "02-04-1973",
    "soort": "voor",
    "count": 4,
    "voor": 4,
    "verhouding": 1
},
{
    "id": 185,
    "datum": "26-03-1976",
    "soort": "voor",
    "count": 1,
    "voor": 1,
    "verhouding": 1
},
{
    "id": 186,
    "datum": "06-06-1995",
    "soort": "voor",
    "count": 1,
    "voor": 1,
    "verhouding": 1
},
{
    "id": 187,
    "datum": "19-12-1975",
    "soort": "voor",
    "count": 4,
    "voor": 4,
    "verhouding": 1
},
{
    "id": 188,
    "datum": "31-10-1977",
    "soort": "voor",
    "count": 2,
    "voor": 2,
    "verhouding": 1
},
{
    "id": 189,
    "datum": "19-11-1982",
    "soort": "voor",
    "count": 2,
    "voor": 2,
    "verhouding": 1
},
{
    "id": 190,
    "datum": "14-02-1986",
    "soort": "voor",
    "count": 2,
    "voor": 2,
    "verhouding": 1
},
{
    "id": 191,
    "datum": "31-05-1990",
    "soort": "voor",
    "count": 5,
    "voor": 5,
    "verhouding": 1
},
{
    "id": 192,
    "datum": "08-03-1993",
    "soort": "voor",
    "count": 2,
    "voor": 2,
    "verhouding": 1
},
{
    "id": 193,
    "datum": "23-04-1993",
    "soort": "voor",
    "count": 5,
    "voor": 5,
    "verhouding": 1
},
{
    "id": 194,
    "datum": "18-02-2003",
    "soort": "voor",
    "count": 1,
    "voor": 1,
    "verhouding": 1
},
{
    "id": 195,
    "datum": "04-01-1999",
    "soort": "voor",
    "count": 1,
    "voor": 1,
    "verhouding": 1
},
{
    "id": 196,
    "datum": "01-07-1998",
    "soort": "voor",
    "count": 1,
    "voor": 1,
    "verhouding": 1
},
{
    "id": 197,
    "datum": "20-09-1998",
    "soort": "voor",
    "count": 2,
    "voor": 2,
    "verhouding": 1
},
{
    "id": 198,
    "datum": "05-01-2003",
    "soort": "voor",
    "count": 1,
    "voor": 1,
    "verhouding": 1
},
{
    "id": 199,
    "datum": "23-06-1994",
    "soort": "voor",
    "count": 4,
    "voor": 4,
    "verhouding": 1
},
{
    "id": 200,
    "datum": "28-04-1995",
    "soort": "voor",
    "count": 5,
    "voor": 5,
    "verhouding": 1
},
{
    "id": 201,
    "datum": "14-04-1983",
    "soort": "voor",
    "count": 5,
    "voor": 5,
    "verhouding": 1
},
{
    "id": 202,
    "datum": "13-02-1973",
    "soort": "voor",
    "count": 5,
    "voor": 5,
    "verhouding": 1
},
{
    "id": 203,
    "datum": "09-01-1995",
    "soort": "voor",
    "count": 5,
    "voor": 5,
    "verhouding": 1
},
{
    "id": 204,
    "datum": "15-09-1975",
    "soort": "voor",
    "count": 5,
    "voor": 5,
    "verhouding": 1
},
{
    "id": 205,
    "datum": "27-05-1974",
    "soort": "voor",
    "count": 5,
    "voor": 5,
    "verhouding": 1
},
{
    "id": 206,
    "datum": "05-03-2002",
    "soort": "voor",
    "count": 2,
    "voor": 2,
    "verhouding": 1
},
{
    "id": 207,
    "datum": "20-12-1989",
    "soort": "voor",
    "count": 2,
    "voor": 2,
    "verhouding": 1
},
{
    "id": 13,
    "datum": "01-05-2000",
    "soort": "voor",
    "count": 12,
    "voor": 11,
    "verhouding": 0.916666667
},
{
    "id": 14,
    "datum": "27-10-1977",
    "soort": "voor",
    "count": 21,
    "voor": 20,
    "verhouding": 0.952380952
},
{
    "id": 15,
    "datum": "18-05-1972",
    "soort": "voor",
    "count": 44,
    "voor": 21,
    "verhouding": 0.477272727
},
{
    "id": 16,
    "datum": "05-11-1997",
    "soort": "achter ",
    "count": 13,
    "voor": 8,
    "verhouding": 0.615384615
},
{
    "id": 17,
    "datum": "09-02-1989",
    "soort": "voor",
    "count": 19,
    "voor": 12,
    "verhouding": 0.631578947
},
{
    "id": 18,
    "datum": "14-06-2006",
    "soort": "achter ",
    "count": 4,
    "voor": 3,
    "verhouding": 0.75
},
{
    "id": 19,
    "datum": "17-06-1988",
    "soort": "voor",
    "count": 4,
    "voor": 3,
    "verhouding": 0.75
},
{
    "id": 20,
    "datum": "22-04-2003",
    "soort": "voor",
    "count": 15,
    "voor": 12,
    "verhouding": 0.8
},
{
    "id": 21,
    "datum": "24-12-1985",
    "soort": "voor",
    "count": 3,
    "voor": 2,
    "verhouding": 0.666666667
},
{
    "id": 22,
    "datum": "24-12-1985",
    "soort": "voor",
    "count": 4,
    "voor": 2,
    "verhouding": 0.5
},
{
    "id": 23,
    "datum": "07-05-1980",
    "soort": "voor",
    "count": 10,
    "voor": 9,
    "verhouding": 0.9
},
{
    "id": 24,
    "datum": "12-09-1979",
    "soort": "voor",
    "count": 26,
    "voor": 19,
    "verhouding": 0.730769231
},
{
    "id": 25,
    "datum": "07-01-2011",
    "soort": "voor",
    "count": 2,
    "voor": 1,
    "verhouding": 0.5
},
{
    "id": 26,
    "datum": "06-12-1973",
    "soort": "voor",
    "count": 17,
    "voor": 14,
    "verhouding": 0.823529412
},
{
    "id": 27,
    "datum": "14-01-2009",
    "soort": "voor",
    "count": 4,
    "voor": 2,
    "verhouding": 0.5
},
{
    "id": 28,
    "datum": "04-02-1974",
    "soort": "voor",
    "count": 10,
    "voor": 9,
    "verhouding": 0.9
},
{
    "id": 29,
    "datum": "06-12-1994",
    "soort": "voor",
    "count": 4,
    "voor": 3,
    "verhouding": 0.75
},
{
    "id": 30,
    "datum": "17-10-1978",
    "soort": "voor",
    "count": 6,
    "voor": 5,
    "verhouding": 0.833333333
},
{
    "id": 31,
    "datum": "11-06-2001",
    "soort": "voor",
    "count": 4,
    "voor": 2,
    "verhouding": 0.5
},
{
    "id": 208,
    "datum": "06-01-1993",
    "soort": "voor",
    "count": 15,
    "voor": 10,
    "verhouding": 0.666666667
},
{
    "id": 209,
    "datum": "13-04-2006",
    "soort": "voor",
    "count": 6,
    "voor": 4,
    "verhouding": 0.666666667
},
{
    "id": 210,
    "datum": "21-05-1982",
    "soort": "voor",
    "count": 15,
    "voor": 9,
    "verhouding": 0.6
},
{
    "id": 211,
    "datum": "16-04-1985",
    "soort": "voor",
    "count": 19,
    "voor": 16,
    "verhouding": 0.842105263
},
{
    "id": 212,
    "datum": "21-06-1976",
    "soort": "voor",
    "count": 22,
    "voor": 19,
    "verhouding": 0.863636364
},
{
    "id": 213,
    "datum": "17-10-1988",
    "soort": "voor",
    "count": 1,
    "voor": 1,
    "verhouding": 1
},
{
    "id": 214,
    "datum": "31-10-1988",
    "soort": "voor",
    "count": 17,
    "voor": 14,
    "verhouding": 0.823529412
},
{
    "id": 215,
    "datum": "26-03-1974",
    "soort": "voor",
    "count": 11,
    "voor": 9,
    "verhouding": 0.818181818
},
{
    "id": 216,
    "datum": "25-11-1982",
    "soort": "voor",
    "count": 9,
    "voor": 8,
    "verhouding": 0.888888889
},
{
    "id": 217,
    "datum": "12-03-1991",
    "soort": "voor",
    "count": 14,
    "voor": 13,
    "verhouding": 0.928571429
},
{
    "id": 218,
    "datum": "18-05-1998",
    "soort": "voor",
    "count": 7,
    "voor": 5,
    "verhouding": 0.714285714
},
{
    "id": 219,
    "datum": "10-10-1978",
    "soort": "voor",
    "count": 44,
    "voor": 23,
    "verhouding": 0.522727273
},
{
    "id": 220,
    "datum": "29-10-1971",
    "soort": "voor",
    "count": 23,
    "voor": 16,
    "verhouding": 0.695652174
},
{
    "id": 221,
    "datum": "07-10-1971",
    "soort": "voor",
    "count": 16,
    "voor": 15,
    "verhouding": 0.9375
},
{
    "id": 222,
    "datum": "05-01-1998",
    "soort": "voor",
    "count": 13,
    "voor": 10,
    "verhouding": 0.769230769
},
{
    "id": 223,
    "datum": "29-03-1973",
    "soort": "voor",
    "count": 31,
    "voor": 23,
    "verhouding": 0.741935484
},
{
    "id": 224,
    "datum": "18-12-1991",
    "soort": "voor",
    "count": 6,
    "voor": 5,
    "verhouding": 0.833333333
},
{
    "id": 225,
    "datum": "05-02-1990",
    "soort": "voor",
    "count": 10,
    "voor": 7,
    "verhouding": 0.7
},
{
    "id": 226,
    "datum": "06-12-1973",
    "soort": "voor",
    "count": 13,
    "voor": 12,
    "verhouding": 0.923076923
},
{
    "id": 227,
    "datum": "12-12-1985",
    "soort": "voor",
    "count": 17,
    "voor": 14,
    "verhouding": 0.823529412
},
{
    "id": 228,
    "datum": "14-09-1981",
    "soort": "voor",
    "count": 15,
    "voor": 12,
    "verhouding": 0.8
},
{
    "id": 229,
    "datum": "29-03-1976",
    "soort": "voor",
    "count": 42,
    "voor": 24,
    "verhouding": 0.571428571
},
{
    "id": 230,
    "datum": "16-02-1972",
    "soort": "voor",
    "count": 15,
    "voor": 12,
    "verhouding": 0.8
},
{
    "id": 231,
    "datum": "18-05-1999",
    "soort": "voor",
    "count": 17,
    "voor": 15,
    "verhouding": 0.882352941
}
]