[{
    "id": 1,
    "datum": "13-10-1971",
    "soort": "voor",
    "count": 14,
    "voor": 14,
    "verhouding": 1
},
{
    "id": 2,
    "datum": "03-11-1987",
    "soort": "voor",
    "count": 16,
    "voor": 16,
    "verhouding": 1
},
{
    "id": 3,
    "datum": "19-12-1985",
    "soort": "voor",
    "count": 14,
    "voor": 14,
    "verhouding": 1
},
{
    "id": 4,
    "datum": "01-10-1980",
    "soort": "voor",
    "count": 12,
    "voor": 12,
    "verhouding": 1
},
{
    "id": 5,
    "datum": "07-01-1972",
    "soort": "voor",
    "count": 19,
    "voor": 19,
    "verhouding": 1
},
{
    "id": 6,
    "datum": "29-05-1973",
    "soort": "voor",
    "count": 13,
    "voor": 13,
    "verhouding": 1
},
{
    "id": 7,
    "datum": "26-10-1971",
    "soort": "voor",
    "count": 19,
    "voor": 19,
    "verhouding": 1
},
{
    "id": 8,
    "datum": "10-12-1971",
    "soort": "voor",
    "count": 13,
    "voor": 13,
    "verhouding": 1
},
{
    "id": 9,
    "datum": "28-03-1989",
    "soort": "voor",
    "count": 15,
    "voor": 15,
    "verhouding": 1
},
{
    "id": 10,
    "datum": "12-12-1974",
    "soort": "voor",
    "count": 12,
    "voor": 12,
    "verhouding": 1
},
{
    "id": 11,
    "datum": "14-02-1985",
    "soort": "voor",
    "count": 13,
    "voor": 13,
    "verhouding": 1
},
{
    "id": 12,
    "datum": "27-11-1979",
    "soort": "voor",
    "count": 11,
    "voor": 11,
    "verhouding": 1
},
{
    "id": 13,
    "datum": "01-05-2000",
    "soort": "voor",
    "count": 12,
    "voor": 11,
    "verhouding": 0.916666667
},
{
    "id": 14,
    "datum": "27-10-1977",
    "soort": "voor",
    "count": 21,
    "voor": 20,
    "verhouding": 0.952380952
},
{
    "id": 15,
    "datum": "18-05-1972",
    "soort": "voor",
    "count": 44,
    "voor": 21,
    "verhouding": 0.477272727
},
{
    "id": 16,
    "datum": "05-11-1997",
    "soort": "achter ",
    "count": 13,
    "voor": 8,
    "verhouding": 0.615384615
},
{
    "id": 17,
    "datum": "09-02-1989",
    "soort": "voor",
    "count": 19,
    "voor": 12,
    "verhouding": 0.631578947
},
{
    "id": 18,
    "datum": "14-06-2006",
    "soort": "achter ",
    "count": 4,
    "voor": 3,
    "verhouding": 0.75
},
{
    "id": 19,
    "datum": "17-06-1988",
    "soort": "voor",
    "count": 4,
    "voor": 3,
    "verhouding": 0.75
},
{
    "id": 20,
    "datum": "22-04-2003",
    "soort": "voor",
    "count": 15,
    "voor": 12,
    "verhouding": 0.8
},
{
    "id": 21,
    "datum": "24-12-1985",
    "soort": "voor",
    "count": 3,
    "voor": 2,
    "verhouding": 0.666666667
},
{
    "id": 22,
    "datum": "24-12-1985",
    "soort": "voor",
    "count": 4,
    "voor": 2,
    "verhouding": 0.5
},
{
    "id": 23,
    "datum": "07-05-1980",
    "soort": "voor",
    "count": 10,
    "voor": 9,
    "verhouding": 0.9
},
{
    "id": 24,
    "datum": "12-09-1979",
    "soort": "voor",
    "count": 26,
    "voor": 19,
    "verhouding": 0.730769231
},
{
    "id": 25,
    "datum": "07-01-2011",
    "soort": "voor",
    "count": 2,
    "voor": 1,
    "verhouding": 0.5
},
{
    "id": 26,
    "datum": "06-12-1973",
    "soort": "voor",
    "count": 17,
    "voor": 14,
    "verhouding": 0.823529412
},
{
    "id": 27,
    "datum": "14-01-2009",
    "soort": "voor",
    "count": 4,
    "voor": 2,
    "verhouding": 0.5
},
{
    "id": 28,
    "datum": "04-02-1974",
    "soort": "voor",
    "count": 10,
    "voor": 9,
    "verhouding": 0.9
},
{
    "id": 29,
    "datum": "06-12-1994",
    "soort": "voor",
    "count": 4,
    "voor": 3,
    "verhouding": 0.75
},
{
    "id": 30,
    "datum": "17-10-1978",
    "soort": "voor",
    "count": 6,
    "voor": 5,
    "verhouding": 0.833333333
},
{
    "id": 31,
    "datum": "11-06-2001",
    "soort": "voor",
    "count": 4,
    "voor": 2,
    "verhouding": 0.5
}
]