[{
	"soorten": [{
			"frontfull": [{
					"datum": [
						"1971-10-13",
						"1972-01-13",
						"1972-03-02",
						"1972-10-31",
						"1973-04-19",
						"1977-01-31",
						"1977-05-26",
						"1977-11-03",
						"1978-04-28",
						"1978-06-12",
						"1981-10-16",
						"1981-10-29",
						"2001-06-18",
						"2005-02-23"
					]
				},
				{
					"datum": [
						"1987-11-03",
						"1988-01-05",
						"1988-05-12",
						"1988-10-04",
						"1988-10-17",
						"1988-10-31",
						"1989-02-13",
						"1989-03-16",
						"1993-02-17",
						"1994-05-16",
						"1994-05-17",
						"1994-06-16",
						"1994-07-13",
						"1995-01-09",
						"1995-01-15",
						"2004-02-10"
					]
				},
				{
					"datum": [
						"1985-12-19",
						"1988-03-14",
						"1990-10-17",
						"1994-03-08",
						"1996-10-29",
						"2004-10-12",
						"1994-04-11",
						"1994-12-05",
						"1995-01-09",
						"1995-02-01",
						"1995-03-06",
						"1995-04-06",
						"1995-06-06",
						"1995-11-08"
					]
				},
				{
					"datum": [
						"1980-10-01",
						"1988-02-15",
						"1988-03-16",
						"1988-03-21",
						"1990-04-11",
						"1991-06-19",
						"1992-02-27",
						"1992-11-30",
						"1993-10-25",
						"1994-05-31",
						"1998-01-06",
						"2004-04-19"
					]
				},
				{
					"datum": [
						"1972-01-07",
						"1971-05-12",
						"1972-06-12",
						"1972-11-21",
						"1973-04-23",
						"1973-04-10",
						"1978-10-30",
						"1978-12-06",
						"1979-02-13",
						"1979-03-02",
						"1980-03-06",
						"1983-12-29",
						"1984-02-23",
						"1984-04-24",
						"1986-12-10",
						"1988-02-26",
						"1994-02-09",
						"1998-02-03",
						"1998-03-02"
					]
				}
			]
		},
		{
			"voorenachter": [{
				"datum": [{
					"voor": [
						"01-05-2000",
						"29-05-2000",
						"16-12-2004",
						"11-10-2000",
						"08-05-2002",
						"04-06-2002",
						"14-02-2003",
						"27-10-2003",
						"03-02-2004",
						"06-06-2004",
						"12-06-2004"
					]
				}, {
					"achter": ["07-06-2011"]
				}]
			}, {
				"datum": [{
					"voor": ["27-10-1977",
						"08-01-1982",
						"22-02-1989",
						"15-03-1989",
						"05-04-1990",
						"07-02-1991",
						"28-02-1991",
						"25-03-1991",
						"17-06-1991",
						"04-03-1992",
						"16-04-1992",
						"17-06-1993",
						"04-10-1994",
						"05-04-1995",
						"23-05-1995",
						"05-03-1999",
						"25-03-2002",
						"08-04-2003",
						"02-12-2003",
						"05-7-2004"
					]
				}, {
					"achter": ["08-05-2009"]
				}]
			}, {
				"datum": [{
					"voor": [
						"06-01-1999",
						"20-04-1999",
						"30-06-1999",
						"05-01-2004",
						"08-03-2004",
						"06-04-2004",
						"10-05-2004",
						"14-06-2011"
					]
				}, {
					"achter": [
						"10-07-1995",
						"11-10-1995",
						"08-07-1996",
						"02-03-1998"
					]
				}]
			}, {
				"datum": [{
					"voor": [
						"05-11-1997",
						"03-11-1999",
						"26-09-2002",
						"21-06-2004",
						"02-10-2006"
					]
				}, {
					"achter": [
						"16-03-1988",
						"21-03-1988",
						"12-04-1988",
						"03-05-1988",
						"05-12-1989",
						"05-10-1994",
						"24-05-1995",
						"13-06-1997"
					]
				}]
			}, {
				"datum": [{
					"voor": [
						"09-02-1989",
						"16-01-1990",
						"06-02-1990",
						"28-02-1990",
						"28-03-1990",
						"30-05-1990",
						"09-12-1993",
						"21-02-1994",
						"28-04-1995",
						"04-07-1995",
						"28-10-1996",
						"09-10-1997"
					]
				}, {
					"achter": [
						"06-04-1998",
						"12-01-2000",
						"29-05-2000",
						"04-05-2001",
						"06-06-2001",
						"22-10-2001",
						"25-04-2002"
					]
				}]
			}, {
				"datum": [{
					"voor": [
						"14-06-2006"
					]
				}, {
					"achter": [
						"06-11-1996",
						"06-05-1998",
						"09-01-2002"
					]
				}]
			}]
		}
	]
}]